<?xml version="1.0" encoding="UTF-8" ?>
<module>
	<name>blocklayered</name>
	<displayName><![CDATA[Bloc navigation &agrave; facettes]]></displayName>
	<version><![CDATA[2.1.3]]></version>
	<description><![CDATA[Affiche un bloc avec les filtres de la navigation &agrave; facettes]]></description>
	<author><![CDATA[PrestaShop]]></author>
	<tab><![CDATA[front_office_features]]></tab>
	<is_configurable>1</is_configurable>
	<need_instance>0</need_instance>
	<limited_countries></limited_countries>
</module>