<?xml version="1.0" encoding="UTF-8" ?>
<module>
	<name>blockviewed</name>
	<displayName><![CDATA[Bloc des derniers produits vus]]></displayName>
	<version><![CDATA[1.3.0]]></version>
	<description><![CDATA[Ajoute un bloc proposant les derniers produits vus par le client.]]></description>
	<author><![CDATA[PrestaShop]]></author>
	<tab><![CDATA[front_office_features]]></tab>
	<is_configurable>1</is_configurable>
	<need_instance>0</need_instance>
	<limited_countries></limited_countries>
</module>