<?xml version="1.0" encoding="UTF-8" ?>
<module>
	<name>blockbanner</name>
	<displayName><![CDATA[Bloc banni&egrave;re]]></displayName>
	<version><![CDATA[1.4.0]]></version>
	<description><![CDATA[Permet d&#039;afficher une banni&egrave;re dans l&#039;en-t&ecirc;te du site.]]></description>
	<author><![CDATA[PrestaShop]]></author>
	<tab><![CDATA[front_office_features]]></tab>
	<is_configurable>1</is_configurable>
	<need_instance>0</need_instance>
	<limited_countries></limited_countries>
</module>