<?xml version="1.0" encoding="UTF-8" ?>
<module>
	<name>blockpaymentlogo</name>
	<displayName><![CDATA[Bloc des logos de paiement]]></displayName>
	<version><![CDATA[0.4.0]]></version>
	<description><![CDATA[Ajoute un bloc qui affiche tous vos logos de paiement.]]></description>
	<author><![CDATA[PrestaShop]]></author>
	<tab><![CDATA[front_office_features]]></tab>
	<is_configurable>1</is_configurable>
	<need_instance>0</need_instance>
	<limited_countries></limited_countries>
</module>