<?xml version="1.0" encoding="UTF-8" ?>
<module>
	<name>blockreinsurance</name>
	<displayName><![CDATA[Bloc r&eacute;assurance]]></displayName>
	<version><![CDATA[2.2.0]]></version>
	<description><![CDATA[Ajoute un bloc pour afficher des informations pour rassurer vos clients]]></description>
	<author><![CDATA[PrestaShop]]></author>
	<tab><![CDATA[front_office_features]]></tab>
	<is_configurable>1</is_configurable>
	<need_instance>1</need_instance>
	<limited_countries></limited_countries>
</module>